CWTX.gif,18.7,18.8,18.9,18.10
DIGISTA.gif,30.1,30.2
DIPOLE.gif,27.4,27.5,27.6
FMRX.gif,16.10,16.11,16.12,16.13,16.14,16.15,16.16,16.17,16.18,16.19,16.20
FMTX.gif,18.11,18.12,18.13,18.14,18.15
HFSTA.gif,15.1,15.2,15.3,15.4,15.5,15.6,15.7,15.8,15.9,15.10
JFET.gif,12.5,12.6
MOSFET.gif,12.7,12.8
NPN.gif,12.1,12.2
PNP.gif,12.3,12.4
REGPS.gif,22.1,22.2,22.3,22.4,22.5,22.6
SSBRX.gif,16.1,16.2,16.3,16.4,16.5,16.6,16.7,16.8,16.9
SSBTX.gif,18.1,18.2,18.3,18.4,18.5,18.6
TETRODE.gif,12.9,12.10
YAGI.gif,27.1,27.2,27.3
	